onlinekhabar, मेडिकल सप्लायर्सको काउन्टर : प्रचलितभन्दा अधिक मूल्यमा स्वास्थ्य सामाग्री किनियो ,,https://www.onlinekhabar.com/2020/03/849032
onlinekhabar, रौतहटमा ८२ जना क्वारेन्टाइनमा ,,https://www.onlinekhabar.com/2020/03/849020
onlinekhabar, दुबईबाट ज्वरो लिएर आएका थिए कोरोना अस्पतालमा मृत्यु भएका युवक ,,https://www.onlinekhabar.com/2020/03/849028
onlinekhabar, राष्ट्र बैंकद्वारा सहुलियत घोषणा : चैतमा तिर्नुपर्ने कर्जा असारमा बुझाए हुने ,,https://www.onlinekhabar.com/2020/03/849024
onlinekhabar, माडीमा घर जल्दा एक बालिकाको मृत्यु ,,https://www.onlinekhabar.com/2020/03/849023
onlinekhabar, संकटका बेला महत्वपूर्ण देशहरू राजदूतविहीन ,,https://www.onlinekhabar.com/2020/03/849021
onlinekhabar,"
बिरामी फर्काउने अस्पताललाई सरकारको चेतावनी
",,https://www.onlinekhabar.com/2020/03/848974
onlinekhabar,"
संकटका बेला महत्वपूर्ण देशहरू राजदूतविहीन
",,https://www.onlinekhabar.com/2020/03/849021
onlinekhabar,"
सम्पदा क्षेत्रमा डिसइन्फेक्सन स्प्रे (फोटो फिचर)
",,https://www.onlinekhabar.com/2020/03/849003
onlinekhabar,"
लकडाउनपछि के-कति अत्यावश्यक वस्तु आयात भए ?
",,https://www.onlinekhabar.com/2020/03/848999
onlinekhabar,"
कोरोना संक्रमितसँगै आएकाहरुको ट्रेसिङ नहुँदा सन्त्रास बढ्यो
",,https://www.onlinekhabar.com/2020/03/848993
onlinekhabar,"
कोभिड-१९ को टेस्ट नबढाए अमेरिकाकै हालतमा पुग्ने जोखिम
",,https://www.onlinekhabar.com/2020/03/848961
onlinekhabar,"
लकडाउनमा पनि दिल्लीमा किन जम्मा भयो यति ठूलो भिड ?
",,https://www.onlinekhabar.com/2020/03/848996
onlinekhabar,"
सुरक्षाकर्मीलाई निःशुल्क भाइजर बाँड्ने यी युवक
",,https://www.onlinekhabar.com/2020/03/848981
onlinekhabar,"
पैसा नभएर भोकै बस्नुपर्‍यो ! प्रहरीलाई कल गर्नुहोस्   
",,https://www.onlinekhabar.com/2020/03/848972
onlinekhabar,"
लकडाउनमा क्रिकेट नखेल्न आग्रह गर्दा प्रहरीमाथि कुटपिट
",,https://www.onlinekhabar.com/2020/03/848970
ekantipur,राष्ट्र बैंकको विशेष प्याकेज : बैंकको साँवा ब्याज तिर्न तीन महिना समय,,https://ekantipur.com/business/2020/03/29/158549064307682110.html
ekantipur,कोभिड-१९ महामारी : सरकारी तयारी दर्शाउने अबिनको कार्टुन,,https://ekantipur.com/opinion/2020/03/29/158549066546662091.html
ekantipur,"चिनियाँ राष्ट्रपतिलाई दाहालको पत्र, नेपाललाई सहयोग गर्न अपिल",सत्तारुढ नेकपाका अध्यक्ष पुष्पकमल दाहालले कोरोना भाइरसको संक्रमणसँग जुधिरहेको नेपाललाई सहयोग गर्न अपिल गर्दै चिनियाँ राष्ट्रपति सी चिनफिङलाई पत्र पठाएका छन् ।,https://ekantipur.com/news/2020/03/29/158547723902171359.html
ekantipur,"कोरोनाको युगमा कतै सामाजिक दूरी, कतै नजिक [तस्बिरहरु]",कोरोनाको महामारीले सारा विश्वलाई आक्रान्त बनाएको बेला यसबाट बच्ने एउटा उपाय भनेको सामाजिक दूरी पनि हो । तर नेपाली समाजमा भने यो मान्यतालाई पूर्णरुपमा लागू गर्न निकै कठिन भइरहेको देखिन्छ । कतै यो मान्यता लागू भइरहेको छ भने कतै त्यो वेवास्ता गरिएको छ । केही तस्बिरहरु :,https://ekantipur.com/photo_feature/2020/03/29/15854835430371079.html
ekantipur,फ्रान्सका पूर्वमन्त्रीको कोरोना संक्रमणबाट मृत्यु,फ्रान्सका पूर्वउद्योगमन्त्री पाथ्रिक देभेजँको कोरोना भाइरस (कोभिड-१९)को संक्रमणबाट मृत्यु भएको छ ।,https://ekantipur.com/world/2020/03/29/158548311521168787.html
ekantipur,इन्डक्सन किन्न लाइन ,"लकडाउनको समय थप गर्ने सरकारको तयारी थाहा पाए लगत्तै काठमाडौं बनस्थलीका रामप्रसाद दाहालले घरमा खाना पकाउने ग्यासको अभाव सम्झिए । वरीपरी ग्यासको जोहो गर्ने प्रयास पनि गरे तर, कतै ग्यास पाएनन् । अनि आइतबार मध्यान्ह स्कुटरमा थापाथलीस्थित खाद्य व्यवस्था तथा व्यापार कम्पनिमा पुगे ।",https://ekantipur.com/news/2020/03/29/158548343657384010.html
ekantipur,अन्तर्राष्ट्रिय उडानमा लगाएको प्रतिबन्ध वैशाख ३ सम्म कायम,सरकारले अन्तर्राष्ट्रिय उडानमा लगाएको प्रतिबन्ध वैशाख ३ गतेसम्मका लागि थप गरेको छ । आइतबार बसेको कोभिड–१९ विरुद्धको उच्चस्तरीय समन्वय समितिको बैठकले आगामी २०७७ वैशाख ३ सम्म अन्तर्राष्ट्रिय उडानमा लगाउको प्रतिबन्ध बढाउने निर्णय गरेको हो ।,https://ekantipur.com/news/2020/03/29/15854787115086100.html
ekantipur,सरकारी कोषमा ९१ लाखका स्वास्थ्य सामग्री र ५९ लाख रकम सहयोग गर्ने एफएनसीसीआईको घोषणा,सरकारले खडा गरेको कोषमा निजी क्षेत्रका तर्फबाट सहयोग गर्ने क्रम बढिरहेको छ । ‘कोरोना संक्रमण रोकथाम तथा नियन्त्रण कोष’मा नेपाल उद्योग वाणिज्य महासंघ (एफएनसीसीआई) ले ९१ लाख रुपैयाँ बराबरका स्वास्थ्य तथा खाद्यान्नलगायतको सामग्री र ५९ लाख रुपैयाँ सहयोग गर्ने घोषणा गरेको छ ।,https://ekantipur.com/business/2020/03/29/158548864784343876.html
ekantipur,थप एक साता लकडाउन गर्न सिफारिस,कोभिड–१९ संक्रमण रोकथाम तथा नियन्त्रण उच्चस्तरीय समन्वय समितिले थप ७ दिन लकडाउन बढाउन सरकारलाई सिफारिस गरेको छ । आइतबार बसेको समितिको बैठकले थप ७ दिनसम्‍‍म लकडाउन बढाउनुपर्ने निष्कर्ष निकाल्दै सरकारलाई सिफारिस गरेको हो ।,https://ekantipur.com/news/2020/03/29/158547616913412518.html
ekantipur,हिमालयन डिस्टिलरीद्वारा दैनिक २५ हजार लिटर स्यानिटाइजर उत्पादनको प्रस्ताव,हिमालयन डिस्टिलरीले कोरोना भाइरस (कोभिड–१९) संक्रमण रोकथामका लागि प्रयोग हुने ह्यान्ड स्यानिटाइजर उत्पादन प्रस्ताव पेस गरेको छ ।,https://ekantipur.com/business/2020/03/29/158548875458679624.html
